Source,Target,Weight
力,忧,1
力,欲,1
力,志,1
力,众,1
力,患,1
力,修,1
力,安,1
力,谋,1
力,学,2
力,文,2
力,相,1
力,用,2
力,贫,1
力,衣,1
力,孝,2
力,国,1
力,世,1
力,死,1
力,同,1
力,和,1
力,亲,1
力,易,1
力,父,1
力,中,2
力,危,1
力,信,2
力,行,2
力,加,1
力,惑,1
力,君,1
力,色,1
力,乱,1
力,道,3
力,臣,1
力,服,2
力,爱,1
力,伐,1
力,神,2
力,身,2
力,弟,1
力,内,1
力,鬼,1
力,古,1
力,室,1
力,言,2
力,德,2
力,命,1
力,近,1
力,贤,1
力,辞,1
力,杀,1
力,朝,1
力,家,1
力,废,2
力,友,1
力,人,1
力,美,1
力,仁,3
力,止,1
力,过,1
力,孙,1
力,食,1
力,君子,1
力,邦,1
辟,益,1
辟,欲,1
辟,相,1
辟,佞,1
辟,世,2
辟,同,1
辟,易,1
辟,天,2
辟,行,1
辟,士,1
辟,色,1
辟,道,1
辟,愚,1
辟,知,1
辟,损,1
辟,政,1
辟,言,2
辟,善,1
辟,德,1
辟,贤,1
辟,得,1
辟,家,1
辟,友,1
辟,直,1
辟,人,1
辟,过,2
己,病,3
己,欲,3
己,忠,2
己,众,1
己,患,3
己,博,1
己,修,1
己,安,1
己,视,1
己,宗,2
己,劳,1
己,恕,1
己,义,1
己,施,3
己,学,2
己,小人,2
己,祭,1
己,圣,1
己,耻,1
己,孝,1
己,听,2
己,辱,1
己,死,1
己,达,1
己,天,1
己,信,4
己,行,3
己,乡,2
己,士,2
己,惑,1
己,君,2
己,恭,2
己,道,2
己,心,1
己,惠,1
己,身,1
己,弟,1
己,进,1
己,正,1
己,古,2
己,党,1
己,知,5
己,政,1
己,敏,2
己,言,5
己,退,1
己,治,1
己,位,1
己,命,1
己,敬,2
己,难,2
己,民,4
己,近,1
己,宰,1
己,家,1
己,友,2
己,人,13
己,归,1
己,仁,4
己,过,3
己,怨,1
己,君子,6
己,礼,1
己,邦,1
病,欲,1
病,众,1
病,博,1
病,修,1
病,安,1
病,施,1
病,学,1
病,小人,1
病,圣,1
病,死,1
病,达,1
病,天,1
病,行,2
病,道,1
病,臣,1
病,神,1
病,知,1
病,明,1
病,兴,1
病,敬,1
病,民,1
病,近,1
病,得,1
病,人,4
病,仁,1
病,君子,3
忧,欲,1
忧,患,2
忧,修,2
忧,安,1
忧,乐,2
忧,生,1
忧,义,1
忧,谋,2
忧,学,2
忧,文,1
忧,惧,3
忧,相,1
忧,失,1
忧,用,1
忧,贫,2
忧,孝,1
忧,国,1
忧,老,1
忧,世,1
忧,死,1
忧,和,1
忧,父,1
忧,中,2
忧,天,1
忧,危,1
忧,勇,2
忧,惑,2
忧,恭,1
忧,道,2
忧,臣,1
忧,服,1
忧,伐,1
忧,弟,1
忧,内,3
忧,知,3
忧,言,1
忧,贵,1
忧,善,1
忧,德,2
忧,命,1
忧,敬,1
忧,近,2
忧,贤,1
忧,辞,1
忧,兄,1
忧,亡,1
忧,家,1
忧,人,5
忧,仁,2
忧,止,1
忧,过,1
忧,孙,1
忧,食,3
忧,君子,5
忧,礼,1
忧,富,1
忧,邦,1
益,欲,1
益,乐,1
益,生,1
益,学,1
益,佞,1
益,世,1
益,居,1
益,骄,1
益,行,1
益,游,1
益,道,1
益,知,1
益,损,3
益,善,2
益,位,1
益,命,1
益,贤,1
益,友,2
益,直,1
益,人,1
益,思,1
益,节,1
益,食,1
益,礼,2
益,富,1
欲,忠,1
欲,志,1
欲,众,2
欲,患,2
欲,博,2
欲,修,1
欲,安,1
欲,乐,1
欲,视,2
欲,劳,1
欲,恕,1
欲,生,4
欲,义,3
欲,谋,1
欲,施,3
欲,谷,1
欲,学,1
欲,观,1
欲,文,3
欲,小人,1
欲,祭,1
欲,圣,1
欲,相,1
欲,失,1
欲,畏,1
欲,用,4
欲,贫,2
欲,衣,1
欲,名,1
欲,国,1
欲,世,1
欲,死,2
欲,艺,1
欲,达,2
欲,和,1
欲,居,3
欲,亲,1
欲,骄,1
欲,父,2
欲,反,1
欲,中,2
欲,天,1
欲,危,2
欲,信,1
欲,勇,1
欲,器,1
欲,行,6
欲,加,1
欲,士,1
欲,惑,2
欲,君,1
欲,隐,1
欲,乱,1
欲,道,3
欲,怀,1
欲,臣,2
欲,服,1
欲,心,1
欲,爱,2
欲,伐,2
欲,惠,1
欲,身,3
欲,内,1
欲,异,1
欲,正,1
欲,知,6
欲,明,1
欲,政,4
欲,利,4
欲,敏,2
欲,言,8
欲,贵,1
欲,才,1
欲,善,4
欲,位,1
欲,德,4
欲,命,3
欲,天命,1
欲,泰,1
欲,难,1
欲,民,4
欲,近,2
欲,宰,1
欲,教,1
欲,贤,2
欲,辞,2
欲,杀,3
欲,得,6
欲,亡,1
欲,家,2
欲,废,1
欲,友,1
欲,仕,2
欲,长,1
欲,人,13
欲,美,1
欲,归,1
欲,仁,8
欲,止,2
欲,过,3
欲,孙,1
欲,怨,3
欲,思,1
欲,节,1
欲,食,3
欲,君子,8
欲,礼,3
欲,富,2
欲,邦,4
性,文,1
性,相,1
性,天,1
性,道,1
性,言,1
性,近,1
性,得,1
忠,视,1
忠,劳,1
忠,恕,1
忠,生,1
忠,义,2
忠,谋,1
忠,学,2
忠,文,1
忠,孝,1
忠,听,1
忠,笃,1
忠,辱,1
忠,死,1
忠,居,2
忠,信,7
忠,行,3
忠,惑,1
忠,君,1
忠,恭,2
忠,色,2
忠,道,2
忠,臣,1
忠,爱,2
忠,身,1
忠,异,1
忠,室,1
忠,知,1
忠,明,1
忠,政,2
忠,言,2
忠,善,2
忠,德,1
忠,敬,4
忠,难,1
忠,民,1
忠,教,2
忠,得,2
忠,友,4
忠,仕,1
忠,人,3
忠,仁,2
忠,止,1
忠,过,2
忠,思,1
忠,君子,2
忠,礼,1
忠,富,1
忠,邦,2
志,博,1
志,安,2
志,乐,1
志,宗,1
志,劳,2
志,生,1
志,义,1
志,施,1
志,学,3
志,观,1
志,相,1
志,衣,2
志,耻,1
志,孝,1
志,庙,1
志,笃,1
志,国,1
志,老,1
志,辱,1
志,同,1
志,艺,1
志,达,1
志,居,3
志,父,2
志,中,2
志,让,1
志,信,1
志,勇,1
志,行,4
志,加,1
志,游,1
志,士,2
志,惑,2
志,隐,2
志,道,5
志,怀,1
志,服,1
志,心,1
志,伐,1
志,身,2
志,异,2
志,知,2
志,言,3
志,善,2
志,德,1
志,命,1
志,敬,1
志,天命,1
志,民,2
志,近,1
志,杀,1
志,朝,1
志,废,2
志,友,1
志,长,1
志,人,3
志,归,1
志,仁,4
志,怨,1
志,思,1
志,食,1
志,君子,1
志,礼,1
志,邦,1
众,博,1
众,修,1
众,视,1
众,劳,1
众,施,1
众,学,1
众,文,1
众,祭,1
众,圣,1
众,畏,1
众,用,1
众,衣,1
众,孝,1
众,国,1
众,世,1
众,达,2
众,居,1
众,亲,2
众,骄,1
众,丧,1
众,中,1
众,天,3
众,信,3
众,行,3
众,乡,1
众,宽,2
众,俭,1
众,恭,1
众,臣,1
众,心,1
众,爱,2
众,惠,2
众,弟,1
众,异,1
众,正,1
众,罪,1
众,知,1
众,容,1
众,政,3
众,兴,1
众,利,1
众,敏,2
众,言,1
众,退,1
众,善,2
众,德,1
众,命,1
众,泰,2
众,民,3
众,近,1
众,蔽,1
众,教,1
众,贤,1
众,杀,1
众,得,3
众,废,1
众,直,1
众,人,6
众,美,1
众,归,1
众,简,1
众,仁,6
众,过,1
众,怨,1
众,食,1
众,君子,2
众,礼,1
众,富,2
患,修,1
患,安,1
患,生,1
患,谋,1
患,文,1
患,相,1
患,失,2
患,用,1
患,贫,1
患,国,1
患,世,1
患,死,1
患,和,1
患,丧,1
患,中,1
患,天,2
患,危,1
患,君,1
患,恭,1
患,道,1
患,臣,1
患,服,1
患,伐,1
患,弟,1
患,内,2
患,知,3
患,言,1
患,贵,1
患,位,1
患,德,1
患,命,1
患,敬,1
患,近,1
患,辞,1
患,兄,1
患,得,2
患,亡,1
患,家,1
患,人,4
患,止,1
患,过,1
患,孙,1
患,君子,3
患,礼,1
患,富,1
患,邦,1
博,施,1
博,学,4
博,文,3
博,圣,1
博,用,1
博,名,1
博,笃,1
博,达,1
博,中,1
博,心,1
博,弟,1
博,才,1
博,善,1
博,难,1
博,民,1
博,近,2
博,贤,1
博,人,2
博,仁,2
博,思,1
博,食,1
博,君子,1
博,礼,3
修,安,2
修,义,1
修,谋,1
修,学,1
修,文,1
修,祭,1
修,相,1
修,用,2
修,贫,1
修,国,2
修,世,2
修,和,1
修,亲,2
修,丧,1
修,中,2
修,天,1
修,危,1
修,信,1
修,行,3
修,宽,1
修,游,1
修,惑,1
修,色,1
修,臣,2
修,服,1
修,心,1
修,伐,1
修,身,1
修,内,1
修,罪,1
修,政,1
修,兴,1
修,敏,1
修,言,1
修,善,3
修,德,3
修,命,2
修,敬,1
修,民,1
修,近,1
修,蔽,1
修,辞,1
修,得,2
修,朝,1
修,家,1
修,废,1
修,人,5
修,归,1
修,简,1
修,仁,1
修,止,1
修,过,2
修,孙,1
修,食,1
修,君子,2
修,富,1
修,邦,1
安,乐,3
安,视,1
安,宗,1
安,劳,1
安,生,1
安,谋,1
安,施,1
安,谷,1
安,学,2
安,观,1
安,文,1
安,相,2
安,用,1
安,贫,1
安,衣,2
安,庙,1
安,国,2
安,老,1
安,世,1
安,同,1
安,和,1
安,居,3
安,丧,1
安,父,1
安,中,1
安,天,1
安,危,1
安,让,1
安,信,1
安,勇,1
安,加,1
安,恭,1
安,道,1
安,怀,2
安,臣,1
安,服,2
安,爱,1
安,伐,2
安,内,1
安,慎,1
安,异,1
安,正,1
安,知,2
安,利,1
安,敏,1
安,言,4
安,善,1
安,德,1
安,敬,1
安,民,1
安,免,1
安,近,1
安,辞,1
安,家,1
安,友,1
安,长,2
安,人,4
安,归,1
安,仁,2
安,止,1
安,过,1
安,孙,1
安,食,2
安,君子,5
安,礼,2
安,邦,2
乐,宗,1
乐,生,2
乐,义,3
乐,谷,1
乐,学,2
乐,文,1
乐,相,1
乐,失,1
乐,用,1
乐,贫,1
乐,衣,1
乐,名,1
乐,佞,1
乐,庙,1
乐,国,2
乐,老,1
乐,世,1
乐,死,1
乐,同,1
乐,艺,1
乐,居,2
乐,易,1
乐,骄,2
乐,丧,2
乐,父,1
乐,反,1
乐,中,2
乐,天,2
乐,危,1
乐,让,1
乐,信,1
乐,勇,2
乐,行,4
乐,加,1
乐,游,1
乐,君,1
乐,乱,1
乐,哀,1
乐,道,2
乐,怀,1
乐,臣,2
乐,服,2
乐,爱,1
乐,伐,1
乐,进,1
乐,异,1
乐,正,2
乐,知,12
乐,损,1
乐,政,2
乐,兴,3
乐,利,3
乐,言,6
乐,贵,1
乐,善,2
乐,命,2
乐,难,1
乐,民,2
乐,免,1
乐,贤,2
乐,得,2
乐,朝,1
乐,家,1
乐,友,1
乐,长,2
乐,人,13
乐,归,2
乐,仁,4
乐,过,1
乐,诗,2
乐,思,1
乐,节,1
乐,食,4
乐,君子,5
乐,礼,11
乐,富,2
乐,邦,4
视,劳,1
视,生,1
视,义,1
视,观,1
视,祭,1
视,畏,1
视,衣,1
视,听,2
视,庙,1
视,死,1
视,骄,1
视,父,1
视,天,1
视,行,1
视,加,1
视,君,1
视,恭,1
视,色,1
视,服,1
视,惠,1
视,正,2
视,明,1
视,政,1
视,利,1
视,敏,1
视,言,2
视,命,1
视,敬,1
视,泰,1
视,难,1
视,民,1
视,教,1
视,杀,1
视,得,3
视,朝,1
视,人,4
视,美,1
视,归,1
视,仁,2
视,怨,1
视,思,1
视,食,1
视,君子,2
视,礼,1
宗,义,1
宗,学,1
宗,小人,1
宗,相,1
宗,失,1
宗,耻,2
宗,孝,1
宗,听,1
宗,庙,4
宗,国,1
宗,辱,2
宗,同,1
宗,居,1
宗,亲,1
宗,丧,1
宗,让,1
宗,信,2
宗,勇,1
宗,行,1
宗,乡,1
宗,加,1
宗,士,1
宗,君,2
宗,恭,1
宗,道,1
宗,服,1
宗,弟,1
宗,异,1
宗,古,1
宗,室,1
宗,党,1
宗,知,1
宗,政,1
宗,言,6
宗,治,1
宗,命,1
宗,民,1
宗,近,1
宗,宰,1
宗,贤,1
宗,得,1
宗,朝,2
宗,家,1
宗,长,1
宗,人,3
宗,美,1
宗,归,1
宗,君子,1
宗,礼,2
宗,富,1
宗,邦,1
变,衣,1
变,听,1
变,居,2
变,亲,1
变,中,1
变,色,1
变,道,1
变,服,1
变,内,1
变,正,1
变,容,1
变,明,1
变,言,2
变,食,1
变,君子,1
劳,生,1
劳,施,1
劳,畏,1
劳,衣,2
劳,孝,1
劳,笃,1
劳,老,1
劳,亲,1
劳,骄,1
劳,父,1
劳,信,2
劳,勇,1
劳,恭,1
劳,色,1
劳,乱,1
劳,怀,1
劳,服,1
劳,爱,1
劳,伐,1
劳,惠,1
劳,弟,1
劳,慎,1
劳,正,1
劳,政,2
劳,兴,1
劳,利,1
劳,言,1
劳,善,1
劳,敬,1
劳,泰,1
劳,难,1
劳,民,3
劳,教,2
劳,杀,1
劳,得,1
劳,友,1
劳,直,1
劳,人,1
劳,美,1
劳,仁,2
劳,怨,2
劳,食,1
劳,君子,3
劳,礼,1
恕,施,1
恕,行,1
恕,道,1
恕,身,1
恕,言,1
恕,人,2
生,义,2
生,谷,1
生,学,1
生,文,1
生,祭,2
生,失,1
生,畏,1
生,衣,1
生,孝,3
生,庙,1
生,死,5
生,艺,1
生,和,1
生,居,2
生,丧,1
生,父,1
生,天,5
生,危,1
生,信,1
生,勇,1
生,行,4
生,加,1
生,士,1
生,惑,1
生,君,1
生,恭,2
生,色,1
生,乱,1
生,哀,1
生,道,2
生,怀,1
生,服,2
生,爱,2
生,神,1
生,身,1
生,弟,3
生,内,1
生,慎,1
生,鬼,1
生,异,1
生,正,1
生,古,1
生,知,6
生,利,1
生,敏,1
生,言,3
生,贵,1
生,位,1
生,德,2
生,命,4
生,敬,1
生,难,1
生,民,1
生,免,2
生,贤,1
生,杀,1
生,兄,1
生,得,1
生,朝,1
生,亡,1
生,家,1
生,直,1
生,人,6
生,仁,3
生,思,1
生,食,3
生,君子,4
生,礼,4
生,富,2
生,邦,1
义,谷,1
义,学,2
义,观,1
义,文,1
义,小人,3
义,祭,2
义,失,1
义,用,1
义,耻,1
义,听,1
义,老,1
义,辱,1
义,死,1
义,艺,1
义,达,2
义,居,3
义,亲,1
义,丧,1
义,反,1
义,中,1
义,天,1
义,危,2
义,信,5
义,勇,3
义,行,6
义,士,2
义,惑,1
义,君,1
义,恭,3
义,隐,2
义,色,2
义,乱,2
义,哀,1
义,道,3
义,臣,1
义,服,1
义,爱,1
义,惠,1
义,神,1
义,身,1
义,鬼,2
义,异,1
义,知,3
义,明,2
义,利,2
义,言,6
义,贵,1
义,善,2
义,德,2
义,命,2
义,敬,5
义,难,3
义,民,3
义,近,1
义,杀,1
义,得,2
义,质,2
义,家,1
义,废,1
义,仕,1
义,直,1
义,长,1
义,人,5
义,仁,2
义,止,1
义,过,1
义,孙,1
义,思,3
义,节,1
义,食,2
义,君子,7
义,礼,4
义,富,2
义,邦,1
谋,学,1
谋,文,1
谋,惧,1
谋,相,2
谋,用,2
谋,贫,2
谋,国,1
谋,世,1
谋,死,1
谋,同,1
谋,和,1
谋,中,2
谋,危,1
谋,信,1
谋,行,1
谋,乱,1
谋,道,2
谋,臣,1
谋,服,1
谋,伐,1
谋,身,1
谋,内,1
谋,政,2
谋,言,2
谋,位,2
谋,德,2
谋,近,1
谋,辞,1
谋,家,1
谋,友,1
谋,人,2
谋,止,1
谋,过,1
谋,孙,1
谋,食,1
谋,君子,2
谋,邦,1
施,祭,1
施,圣,1
施,衣,1
施,孝,1
施,老,1
施,达,1
施,亲,1
施,信,1
施,行,1
施,怀,1
施,臣,1
施,伐,1
施,身,1
施,弟,1
施,政,1
施,敏,1
施,言,2
施,善,1
施,民,2
施,近,1
施,兄,1
施,家,1
施,友,2
施,人,4
施,仁,2
施,怨,2
施,君子,1
施,邦,1
谷,学,1
谷,衣,1
谷,耻,1
谷,居,1
谷,易,1
谷,丧,1
谷,父,1
谷,反,1
谷,天,1
谷,行,1
谷,君,1
谷,隐,1
谷,乱,1
谷,道,2
谷,怀,1
谷,臣,1
谷,爱,1
谷,身,1
谷,知,1
谷,明,1
谷,免,1
谷,杀,1
谷,得,1
谷,废,1
谷,仕,1
谷,长,1
谷,人,1
谷,仁,1
谷,止,1
谷,节,1
谷,食,2
谷,君子,2
谷,礼,1
谷,邦,1
学,观,1
学,文,6
学,小人,3
学,圣,1
学,相,1
学,失,1
学,用,2
学,贫,2
学,耻,2
学,孝,1
学,名,2
学,佞,1
学,庙,1
学,笃,2
学,国,1
学,老,1
学,死,3
学,同,1
学,达,1
学,居,5
学,亲,1
学,易,4
学,父,2
学,中,3
学,天,2
学,危,1
学,让,1
学,信,7
学,勇,2
学,行,4
学,加,2
学,惑,1
学,君,2
学,隐,1
学,色,1
学,识,4
学,乱,2
学,道,7
学,服,2
学,心,1
学,爱,2
学,身,1
学,弟,5
学,慎,2
学,异,2
学,正,2
学,古,1
学,室,1
学,愚,1
学,知,7
学,明,1
学,政,1
学,兴,2
学,敏,2
学,言,8
学,贵,1
学,退,1
学,善,2
学,德,2
学,命,2
学,敬,1
学,天命,1
学,狂,1
学,民,4
学,近,1
学,蔽,1
学,宰,1
学,贤,2
学,得,2
学,亡,3
学,友,2
学,仕,1
学,直,1
学,长,1
学,人,9
学,归,1
学,荡,1
学,仁,4
学,过,4
学,诗,2
学,怨,2
学,思,3
学,食,3
学,君子,10
学,礼,5
学,富,1
学,邦,2
观,孝,1
观,听,1
观,名,1
观,达,1
观,居,2
观,骄,1
观,丧,1
观,父,2
观,信,1
观,行,3
观,宽,1
观,士,1
观,君,1
观,色,1
观,识,1
观,哀,1
观,道,2
观,党,1
观,知,1
观,兴,1
观,言,2
观,才,1
观,敬,1
观,质,1
观,家,1
观,直,1
观,人,4
观,美,1
观,仁,2
观,过,1
观,诗,1
观,怨,1
观,君子,1
观,礼,1
观,邦,1
文,小人,1
文,相,1
文,畏,1
文,用,1
文,贫,1
文,耻,1
文,孝,1
文,名,1
文,国,1
文,世,1
文,死,1
文,同,1
文,艺,1
文,和,1
文,亲,1
文,丧,1
文,中,1
文,天,3
文,危,2
文,信,2
文,勇,1
文,行,4
文,君,1
文,识,1
文,道,2
文,臣,2
文,服,1
文,爱,1
文,伐,1
文,弟,1
文,内,1
文,知,1
文,政,1
文,利,1
文,敏,1
文,言,5
文,才,1
文,善,1
文,德,2
文,命,1
文,民,1
文,近,1
文,教,1
文,贤,1
文,辞,1
文,得,3
文,亡,1
文,质,2
文,家,1
文,友,1
文,人,7
文,荡,1
文,仁,2
文,止,1
文,过,2
文,孙,1
文,思,1
文,君子,6
文,礼,5
文,邦,1
小人,圣,1
小人,畏,1
小人,用,3
小人,耻,1
小人,孝,1
小人,老,1
小人,辱,1
小人,同,1
小人,达,1
小人,和,1
小人,易,2
小人,骄,1
小人,反,1
小人,信,2
小人,勇,1
小人,器,1
小人,行,2
小人,乡,1
小人,士,1
小人,君,1
小人,色,1
小人,乱,1
小人,道,3
小人,怀,1
小人,服,1
小人,爱,1
小人,惠,1
小人,弟,1
小人,内,1
小人,党,1
小人,知,2
小人,明,1
小人,政,2
小人,兴,1
小人,利,1
小人,言,3
小人,善,1
小人,德,2
小人,命,1
小人,敬,1
小人,天命,1
小人,泰,1
小人,难,2
小人,民,2
小人,近,1
小人,杀,1
小人,长,1
小人,人,6
小人,美,1
小人,荡,1
小人,仁,1
小人,过,1
小人,孙,1
小人,怨,1
小人,君子,18
小人,礼,1
祭,失,1
祭,用,1
祭,孝,1
祭,庙,1
祭,气,1
祭,国,1
祭,世,1
祭,死,2
祭,亲,1
祭,丧,2
祭,中,1
祭,天,1
祭,危,1
祭,信,1
祭,勇,1
祭,行,2
祭,宽,1
祭,加,1
祭,士,1
祭,君,1
祭,色,1
祭,乱,1
祭,哀,1
祭,臣,1
祭,服,1
祭,心,1
祭,神,1
祭,鬼,1
祭,正,2
祭,罪,1
祭,政,1
祭,兴,1
祭,敏,2
祭,言,1
祭,善,1
祭,命,3
祭,敬,1
祭,民,2
祭,蔽,1
祭,得,3
祭,朝,1
祭,家,1
祭,废,1
祭,友,1
祭,人,2
祭,归,2
祭,简,1
祭,仁,2
祭,过,1
祭,怨,1
祭,思,1
祭,食,3
祭,礼,1
祭,富,1
祭,邦,1
惧,用,1
惧,死,1
惧,父,1
惧,勇,2
惧,行,1
惧,惑,2
惧,道,1
惧,内,1
惧,知,3
惧,仁,2
惧,君子,2
圣,畏,1
圣,艺,1
圣,达,1
圣,天,1
圣,游,1
圣,道,1
圣,弟,1
圣,进,1
圣,正,1
圣,知,2
圣,言,2
圣,退,1
圣,善,1
圣,天命,1
圣,泰,1
圣,难,1
圣,民,1
圣,近,1
圣,宰,1
圣,得,1
圣,亡,1
圣,人,5
圣,仁,2
圣,过,1
圣,君子,4
相,用,1
相,贫,1
相,庙,1
相,国,2
相,世,1
相,死,1
相,同,2
相,和,1
相,居,1
相,中,1
相,天,2
相,危,1
相,让,1
相,勇,1
相,加,1
相,道,2
相,臣,1
相,服,2
相,伐,1
相,内,1
相,异,1
相,知,2
相,言,3
相,德,1
相,民,2
相,近,2
相,辞,1
相,杀,1
相,家,2
相,长,1
相,人,2
相,归,1
相,仁,1
相,止,1
相,过,1
相,孙,1
相,君子,2
相,礼,1
相,邦,2
失,耻,1
失,气,1
失,国,1
失,辱,1
失,世,1
失,死,1
失,亲,1
失,天,2
失,信,1
失,士,1
失,君,1
失,恭,2
失,色,1
失,乱,1
失,哀,1
失,道,2
失,怀,1
失,臣,1
失,伐,1
失,弟,1
失,内,1
失,正,1
失,知,3
失,政,1
失,言,4
失,贵,1
失,善,1
失,命,2
失,敬,2
失,民,2
失,近,1
失,兄,1
失,得,4
失,亡,2
失,仕,1
失,人,3
失,归,1
失,仁,2
失,食,1
失,君子,1
失,礼,4
失,富,1
失,邦,1
畏,衣,1
畏,死,2
畏,骄,1
畏,丧,1
畏,天,1
畏,惠,1
畏,正,1
畏,知,2
畏,政,1
畏,利,1
畏,言,1
畏,天命,1
畏,泰,1
畏,民,1
畏,教,1
畏,杀,1
畏,得,2
畏,人,3
畏,美,1
畏,仁,1
畏,怨,1
畏,君子,2
用,贫,1
用,衣,1
用,耻,1
用,佞,1
用,国,3
用,老,2
用,世,2
用,死,1
用,和,2
用,亲,1
用,易,1
用,丧,1
用,中,2
用,天,1
用,危,1
用,信,3
用,行,4
用,宽,1
用,加,1
用,君,1
用,道,5
用,臣,2
用,服,2
用,心,2
用,爱,2
用,伐,1
用,身,2
用,内,1
用,进,1
用,罪,1
用,知,2
用,政,2
用,兴,1
用,敏,1
用,言,2
用,贵,1
用,善,2
用,德,2
用,命,1
用,敬,2
用,难,1
用,民,4
用,近,1
用,蔽,1
用,贤,1
用,辞,1
用,杀,1
用,得,1
用,家,1
用,废,1
用,人,6
用,美,1
用,归,1
用,简,1
用,仁,3
用,止,1
用,过,2
用,孙,1
用,怨,1
用,节,2
用,食,2
用,君子,4
用,礼,3
用,富,1
用,邦,1
贫,耻,1
贫,名,1
贫,笃,1
贫,国,1
贫,世,1
贫,死,1
贫,和,1
贫,居,1
贫,易,1
贫,骄,2
贫,中,2
贫,天,1
贫,危,2
贫,信,1
贫,勇,1
贫,隐,1
贫,乱,2
贫,道,3
贫,臣,1
贫,服,1
贫,伐,1
贫,内,1
贫,知,1
贫,言,2
贫,贵,2
贫,善,1
贫,德,1
贫,难,1
贫,近,1
贫,辞,1
贫,得,1
贫,家,1
贫,人,3
贫,仁,2
贫,止,1
贫,过,1
贫,诗,1
贫,孙,1
贫,怨,1
贫,食,2
贫,君子,3
贫,礼,1
贫,富,4
贫,邦,2
衣,耻,2
衣,孝,1
衣,老,1
衣,居,3
衣,骄,1
衣,丧,2
衣,父,1
衣,天,1
衣,信,1
衣,乡,1
衣,士,1
衣,君,1
衣,色,1
衣,道,2
衣,怀,2
衣,服,2
衣,爱,1
衣,伐,1
衣,惠,1
衣,神,1
衣,身,2
衣,进,1
衣,鬼,1
衣,正,1
衣,室,1
衣,党,1
衣,明,1
衣,政,1
衣,利,1
衣,言,1
衣,退,1
衣,善,1
衣,命,1
衣,泰,1
衣,民,1
衣,免,1
衣,宰,1
衣,教,2
衣,辞,1
衣,杀,2
衣,得,1
衣,朝,1
衣,友,1
衣,长,1
衣,人,1
衣,美,2
衣,仁,2
衣,过,1
衣,怨,1
衣,食,4
衣,君子,4
衣,礼,1
衣,富,1
耻,孝,1
耻,笃,1
耻,辱,2
耻,死,1
耻,居,1
耻,亲,1
耻,天,1
耻,危,1
耻,信,3
耻,行,2
耻,乡,1
耻,士,2
耻,君,1
耻,恭,2
耻,隐,1
耻,色,1
耻,乱,1
耻,道,5
耻,身,1
耻,弟,1
耻,古,1
耻,党,1
耻,政,2
耻,敏,1
耻,言,5
耻,贵,1
耻,善,1
耻,德,1
耻,命,1
耻,民,1
耻,免,1
耻,近,1
耻,友,1
耻,人,2
耻,过,1
耻,怨,1
耻,食,1
耻,君子,1
耻,礼,2
耻,富,1
耻,邦,2
孝,辱,1
孝,死,1
孝,亲,1
孝,父,5
孝,信,2
孝,行,3
孝,乡,1
孝,士,1
孝,君,1
孝,色,1
孝,乱,1
孝,道,3
孝,臣,1
孝,服,2
孝,爱,1
孝,神,1
孝,弟,6
孝,鬼,1
孝,室,1
孝,党,1
孝,政,3
孝,言,2
孝,善,1
孝,命,1
孝,敬,2
孝,难,2
孝,民,1
孝,教,1
孝,兄,1
孝,友,1
孝,人,3
孝,美,1
孝,仁,2
孝,食,2
孝,君子,1
孝,礼,1
听,天,1
听,信,1
听,行,1
听,君,1
听,恭,1
听,色,1
听,道,1
听,古,1
听,明,1
听,敏,1
听,言,5
听,德,1
听,敬,1
听,难,1
听,宰,1
听,得,1
听,人,4
听,归,1
听,仁,1
听,思,1
听,君子,2
听,礼,1
名,世,1
名,父,1
名,中,1
名,天,1
名,行,1
名,君,2
名,识,1
名,道,1
名,弟,1
名,正,1
名,知,1
名,政,1
名,兴,2
名,言,1
名,贵,1
名,民,2
名,得,1
名,人,1
名,荡,1
名,仁,1
名,诗,1
名,怨,1
名,食,1
名,君子,3
名,礼,1
名,富,1
佞,世,1
佞,行,1
佞,服,1
佞,知,1
佞,损,1
佞,善,1
佞,难,1
佞,民,1
佞,免,1
佞,宰,1
佞,友,1
佞,直,1
佞,人,3
佞,美,1
佞,仁,1
佞,邦,1
庙,国,1
庙,同,1
庙,居,1
庙,丧,1
庙,让,1
庙,勇,1
庙,行,1
庙,加,2
庙,君,1
庙,道,1
庙,服,2
庙,异,1
庙,正,1
庙,室,1
庙,知,2
庙,言,3
庙,治,1
庙,命,1
庙,民,1
庙,贤,1
庙,得,1
庙,朝,3
庙,家,1
庙,长,1
庙,人,2
庙,美,1
庙,归,1
庙,食,1
庙,君子,1
庙,礼,2
庙,富,1
庙,邦,1
笃,死,1
笃,居,1
笃,亲,1
笃,中,1
笃,天,1
笃,危,1
笃,信,3
笃,勇,1
笃,行,1
笃,恭,1
笃,隐,1
笃,色,1
笃,乱,2
笃,道,2
笃,慎,1
笃,兴,1
笃,言,1
笃,贵,1
笃,善,1
笃,德,1
笃,敬,1
笃,民,1
笃,近,1
笃,亡,1
笃,直,1
笃,仁,2
笃,思,1
笃,君子,2
笃,礼,1
笃,富,1
笃,邦,2
气,老,1
气,死,1
气,中,1
气,信,1
气,行,1
气,色,4
气,乱,1
气,哀,1
气,道,1
气,正,2
气,容,2
气,言,3
气,贵,1
气,善,1
气,位,1
气,近,1
气,辞,1
气,得,2
气,人,1
气,过,1
气,食,1
气,君子,2
国,世,3
国,同,1
国,和,1
国,居,1
国,亲,1
国,丧,1
国,中,2
国,天,2
国,危,1
国,让,2
国,信,2
国,勇,1
国,行,1
国,宽,1
国,加,1
国,道,2
国,臣,3
国,服,2
国,心,1
国,爱,1
国,伐,2
国,内,1
国,异,1
国,室,1
国,罪,1
国,知,2
国,政,2
国,兴,1
国,敏,1
国,言,3
国,治,1
国,善,1
国,德,1
国,命,2
国,敬,1
国,民,3
国,近,1
国,蔽,1
国,宰,1
国,辞,1
国,得,1
国,朝,1
国,家,2
国,废,1
国,长,1
国,人,5
国,归,2
国,简,1
国,仁,2
国,止,1
国,过,2
国,孙,1
国,节,1
国,食,1
国,君子,2
国,礼,3
国,富,1
国,邦,2
老,死,1
老,信,2
老,行,1
老,色,1
老,怀,1
老,服,1
老,伐,1
老,弟,1
老,知,1
老,言,1
老,善,1
老,敬,1
老,民,1
老,得,1
老,友,1
老,长,1
老,人,1
老,孙,1
老,食,1
老,君子,1
老,礼,1
辱,居,1
辱,亲,1
辱,中,1
辱,信,2
辱,行,2
辱,乡,1
辱,士,1
辱,君,2
辱,恭,1
辱,隐,1
辱,道,1
辱,身,1
辱,弟,1
辱,异,1
辱,党,1
辱,政,1
辱,言,3
辱,善,1
辱,命,1
辱,民,1
辱,近,1
辱,废,1
辱,友,2
辱,人,1
辱,止,1
辱,礼,1
世,同,1
世,和,1
世,亲,1
世,易,1
世,丧,1
世,中,2
世,天,3
世,危,1
世,信,1
世,行,2
世,宽,1
世,士,1
世,色,1
世,道,2
世,臣,3
世,服,1
世,心,1
世,伐,2
世,内,1
世,室,1
世,罪,1
世,知,2
世,损,1
世,政,3
世,兴,1
世,敏,1
世,言,2
世,善,1
世,德,1
世,命,2
世,难,1
世,民,1
世,免,1
世,近,1
世,蔽,1
世,贤,1
世,辞,1
世,得,1
世,家,1
世,废,1
世,人,4
世,美,1
世,归,1
世,简,1
世,仁,2
世,止,1
世,过,3
世,孙,2
世,食,1
世,君子,2
世,礼,2
世,富,1
世,邦,1
死,和,1
死,居,1
死,丧,2
死,父,1
死,天,8
死,危,1
死,信,4
死,行,5
死,士,1
死,惑,1
死,恭,2
死,隐,1
死,色,1
死,乱,1
死,哀,2
死,道,6
死,臣,1
死,爱,1
死,神,1
死,弟,4
死,内,1
死,慎,1
死,鬼,1
死,异,1
死,正,1
死,古,1
死,知,3
死,容,1
死,政,1
死,言,3
死,贵,3
死,才,1
死,善,3
死,德,3
死,命,3
死,敬,1
死,民,4
死,近,1
死,贤,1
死,辞,1
死,杀,2
死,兄,1
死,得,7
死,朝,1
死,亡,3
死,家,1
死,友,1
死,长,1
死,人,8
死,归,1
死,荡,1
死,仁,5
死,过,1
死,孙,1
死,食,1
死,君子,4
死,礼,2
死,富,3
死,邦,2
同,和,1
同,居,1
同,易,1
同,天,1
同,让,1
同,勇,1
同,行,1
同,加,1
同,士,1
同,君,1
同,道,3
同,臣,1
同,服,1
同,进,1
同,异,1
同,古,1
同,党,1
同,知,3
同,言,1
同,退,1
同,民,1
同,长,1
同,人,3
同,归,1
同,过,2
同,君子,3
同,礼,2
同,邦,1
艺,达,1
艺,天,1
艺,危,1
艺,勇,1
艺,游,1
艺,道,1
艺,知,2
艺,政,1
艺,利,1
艺,言,1
艺,德,1
艺,命,1
艺,宰,1
艺,人,1
艺,仁,1
艺,思,1
艺,君子,1
艺,礼,1
达,居,2
达,父,1
达,天,2
达,行,2
达,乡,1
达,士,1
达,隐,1
达,色,1
达,道,1
达,爱,1
达,知,2
达,政,3
达,利,1
达,言,2
达,退,1
达,善,1
达,民,1
达,近,1
达,宰,1
达,辞,1
达,质,1
达,家,1
达,直,2
达,人,6
达,仁,3
达,诗,1
达,怨,1
达,君子,1
达,富,1
达,邦,2
和,反,1
和,中,1
和,天,1
和,危,1
和,行,2
和,恭,1
和,哀,1
和,道,2
和,臣,1
和,服,1
和,伐,1
和,内,1
和,慎,1
和,知,2
和,言,2
和,贵,1
和,善,1
和,德,1
和,近,1
和,贤,1
和,辞,1
和,得,1
和,家,2
和,人,2
和,美,1
和,止,1
和,过,1
和,孙,1
和,节,1
和,君子,3
和,礼,1
和,邦,2
居,亲,1
居,丧,3
居,父,1
居,中,2
居,天,3
居,危,1
居,让,1
居,信,2
居,勇,3
居,器,1
居,行,7
居,宽,1
居,加,1
居,士,3
居,恭,1
居,隐,3
居,色,2
居,乱,2
居,哀,1
居,道,4
居,怀,2
居,服,3
居,爱,1
居,身,2
居,内,1
居,慎,1
居,异,2
居,正,2
居,室,1
居,愚,1
居,知,4
居,容,1
居,明,1
居,政,2
居,利,1
居,敏,1
居,言,8
居,贵,1
居,善,5
居,位,1
居,德,1
居,命,1
居,敬,3
居,难,1
居,狂,1
居,民,3
居,免,1
居,蔽,1
居,贤,1
居,杀,1
居,朝,1
居,质,1
居,家,1
居,废,1
居,友,1
居,直,3
居,长,2
居,人,5
居,美,1
居,归,2
居,简,1
居,荡,1
居,仁,5
居,孙,1
居,节,1
居,食,3
居,君子,8
居,礼,4
居,富,2
居,邦,4
亲,丧,2
亲,中,3
亲,天,1
亲,信,3
亲,勇,1
亲,行,2
亲,宽,1
亲,游,1
亲,惑,1
亲,恭,2
亲,色,1
亲,乱,1
亲,臣,2
亲,服,1
亲,心,1
亲,爱,1
亲,身,2
亲,弟,1
亲,内,1
亲,慎,1
亲,正,1
亲,罪,1
亲,容,1
亲,政,1
亲,兴,2
亲,敏,1
亲,言,3
亲,善,3
亲,德,1
亲,命,1
亲,民,2
亲,近,1
亲,蔽,1
亲,得,2
亲,朝,1
亲,废,1
亲,直,1
亲,人,4
亲,归,1
亲,简,1
亲,仁,3
亲,过,1
亲,怨,1
亲,食,2
亲,君子,3
亲,礼,2
亲,富,1
易,骄,1
易,丧,2
易,父,1
易,天,1
易,信,1
易,器,1
易,行,1
易,加,1
易,俭,1
易,士,1
易,君,2
易,色,1
易,道,3
易,臣,1
易,爱,1
易,身,1
易,知,2
易,兴,1
易,言,3
易,善,1
易,难,3
易,民,1
易,贤,1
易,得,1
易,友,1
易,人,4
易,过,2
易,怨,1
易,君子,2
易,礼,2
易,富,1
易,邦,1
骄,游,1
骄,道,1
骄,惠,1
骄,正,1
骄,知,1
骄,损,1
骄,政,1
骄,利,1
骄,言,1
骄,才,1
骄,善,1
骄,泰,2
骄,难,1
骄,民,1
骄,教,1
骄,贤,1
骄,杀,1
骄,得,1
骄,友,1
骄,人,2
骄,美,2
骄,仁,1
骄,诗,1
骄,怨,2
骄,节,1
骄,君子,2
骄,礼,2
骄,富,2
丧,父,2
丧,中,1
丧,天,5
丧,危,1
丧,信,1
丧,行,1
丧,宽,2
丧,俭,1
丧,士,1
丧,君,1
丧,哀,3
丧,道,2
丧,怀,1
丧,臣,2
丧,服,1
丧,心,1
丧,爱,1
丧,身,1
丧,罪,1
丧,知,1
丧,政,1
丧,兴,2
丧,敏,1
丧,言,2
丧,治,1
丧,善,2
丧,命,2
丧,敬,2
丧,难,1
丧,民,1
丧,免,1
丧,蔽,1
丧,杀,1
丧,兄,1
丧,得,4
丧,朝,1
丧,废,1
丧,长,1
丧,人,4
丧,归,1
丧,简,1
丧,仁,2
丧,止,1
丧,过,1
丧,思,1
丧,食,3
丧,君子,3
丧,礼,3
丧,富,1
丧,邦,1
父,中,1
父,天,1
父,信,2
父,行,2
父,游,1
父,士,1
父,惑,1
父,君,4
父,隐,1
父,色,1
父,识,1
父,道,4
父,怀,1
父,臣,3
父,爱,1
父,身,1
父,弟,1
父,进,1
父,异,2
父,党,1
父,知,1
父,政,3
父,兴,1
父,利,1
父,言,2
父,退,1
父,善,1
父,敬,1
父,难,1
父,免,1
父,宰,1
父,贤,1
父,兄,2
父,得,2
父,友,1
父,直,2
父,人,4
父,仁,1
父,止,1
父,诗,1
父,怨,2
父,食,2
父,君子,1
父,礼,1
父,邦,1
反,器,1
反,行,1
反,俭,1
反,君,2
反,隐,1
反,乱,1
反,道,1
反,臣,1
反,身,1
反,正,1
反,室,1
反,知,2
反,明,1
反,善,1
反,杀,1
反,得,2
反,废,1
反,仕,1
反,长,1
反,人,3
反,美,1
反,归,1
反,止,1
反,思,1
反,节,1
反,食,1
反,君子,2
反,礼,1
反,邦,1
中,天,1
中,危,1
中,信,1
中,行,6
中,宽,1
中,隐,2
中,色,2
中,道,3
中,臣,2
中,服,2
中,心,1
中,伐,1
中,身,2
中,内,2
中,慎,1
中,进,1
中,异,2
中,正,2
中,罪,2
中,党,1
中,知,1
中,容,2
中,政,2
中,兴,2
中,敏,1
中,言,8
中,贵,1
中,善,2
中,位,1
中,德,2
中,命,2
中,狂,1
中,民,4
中,免,1
中,近,2
中,蔽,1
中,辞,1
中,兄,1
中,得,2
中,家,1
中,废,4
中,直,1
中,长,1
中,人,4
中,归,1
中,简,1
中,仁,2
中,止,1
中,过,3
中,孙,1
中,思,1
中,食,4
中,君子,4
中,礼,1
中,富,2
中,邦,2
天,危,1
天,让,1
天,信,3
天,行,6
天,乡,1
天,宽,2
天,士,1
天,君,1
天,恭,3
天,隐,1
天,乱,2
天,哀,1
天,道,7
天,怀,1
天,臣,4
天,服,1
天,心,1
天,爱,2
天,伐,1
天,惠,1
天,弟,1
天,内,1
天,慎,1
天,罪,2
天,知,7
天,政,2
天,兴,1
天,敏,3
天,言,5
天,贵,2
天,退,1
天,才,1
天,治,1
天,善,4
天,德,4
天,命,3
天,敬,1
天,难,1
天,民,4
天,免,1
天,蔽,1
天,宰,1
天,贤,1
天,杀,1
天,兄,1
天,得,9
天,亡,1
天,家,2
天,废,1
天,直,1
天,人,12
天,归,3
天,简,1
天,荡,2
天,仁,6
天,过,2
天,怨,1
天,食,2
天,君子,8
天,礼,4
天,富,4
天,邦,2
危,信,1
危,勇,1
危,行,1
危,士,1
危,隐,1
危,乱,1
危,哀,1
危,道,2
危,臣,1
危,服,1
危,伐,1
危,内,1
危,知,1
危,利,1
危,言,3
危,贵,1
危,善,1
危,德,1
危,命,2
危,敬,1
危,近,1
危,辞,1
危,得,1
危,家,1
危,人,2
危,止,1
危,过,1
危,孙,2
危,思,2
危,君子,1
危,礼,1
危,富,1
危,邦,3
让,勇,1
让,加,1
让,俭,1
让,恭,1
让,服,1
让,异,2
让,知,1
让,政,1
让,言,1
让,德,1
让,民,2
让,得,2
让,长,1
让,人,2
让,归,1
让,仁,1
让,君子,2
让,礼,2
让,邦,2
信,勇,1
信,行,9
信,乡,1
信,宽,2
信,士,1
信,惑,1
信,君,4
信,恭,2
信,隐,1
信,色,2
信,乱,2
信,哀,1
信,道,4
信,怀,1
信,臣,2
信,服,1
信,心,1
信,爱,3
信,伐,1
信,惠,1
信,身,2
信,弟,2
信,异,1
信,正,1
信,古,2
信,室,1
信,罪,1
信,愚,1
信,党,1
信,知,3
信,容,1
信,政,4
信,兴,1
信,敏,2
信,言,9
信,贵,2
信,善,5
信,德,2
信,命,2
信,敬,3
信,狂,2
信,民,5
信,近,2
信,蔽,2
信,教,1
信,贤,2
信,辞,1
信,得,4
信,亡,1
信,质,1
信,废,1
信,友,5
信,仕,1
信,直,2
信,人,9
信,归,1
信,简,1
信,荡,1
信,仁,4
信,过,4
信,孙,1
信,节,1
信,食,3
信,君子,4
信,礼,3
信,富,3
信,邦,2
勇,行,1
勇,加,1
勇,惑,2
勇,恭,1
勇,乱,4
勇,道,2
勇,服,1
勇,慎,1
勇,鬼,1
勇,异,1
勇,愚,1
勇,知,6
勇,兴,1
勇,利,1
勇,言,4
勇,德,1
勇,命,1
勇,狂,1
勇,民,2
勇,蔽,1
勇,直,3
勇,长,1
勇,人,4
勇,归,1
勇,荡,1
勇,仁,6
勇,过,1
勇,孙,1
勇,思,1
勇,君子,5
勇,礼,4
勇,邦,1
器,俭,1
器,士,1
器,君,1
器,道,1
器,知,1
器,利,1
器,善,1
器,难,1
器,贤,1
器,得,1
器,友,1
器,人,1
器,归,1
器,仁,1
器,君子,2
器,礼,1
器,邦,2
行,乡,1
行,宽,2
行,加,1
行,士,3
行,惑,2
行,君,3
行,恭,3
行,隐,4
行,色,3
行,乱,1
行,哀,1
行,道,12
行,臣,3
行,服,2
行,心,1
行,爱,1
行,伐,1
行,惠,2
行,身,4
行,弟,2
行,慎,2
行,进,2
行,异,1
行,正,3
行,室,1
行,罪,1
行,党,1
行,知,7
行,容,1
行,明,3
行,政,5
行,兴,3
行,利,1
行,敏,3
行,言,19
行,贵,1
行,退,1
行,才,1
行,善,3
行,位,2
行,德,1
行,命,6
行,敬,3
行,难,2
行,狂,1
行,民,6
行,蔽,1
行,宰,1
行,教,1
行,贤,1
行,杀,1
行,兄,1
行,得,8
行,朝,3
行,质,2
行,家,2
行,废,4
行,仕,1
行,直,2
行,长,1
行,人,19
行,美,1
行,归,2
行,简,2
行,仁,5
行,止,1
行,过,5
行,孙,2
行,怨,2
行,思,1
行,节,2
行,食,3
行,君子,10
行,礼,3
行,富,1
行,邦,5
乡,士,1
乡,惑,1
乡,君,1
乡,服,1
乡,爱,1
乡,弟,1
乡,进,1
乡,党,3
乡,知,1
乡,政,1
乡,言,4
乡,退,2
乡,善,1
乡,德,1
乡,命,1
乡,难,1
乡,宰,1
乡,教,1
乡,辞,1
乡,朝,1
乡,直,1
乡,人,5
乡,仁,1
乡,君子,1
乡,富,2
宽,恭,1
宽,哀,1
宽,臣,1
宽,心,1
宽,惠,1
宽,罪,1
宽,政,1
宽,兴,1
宽,敏,2
宽,善,1
宽,命,1
宽,敬,1
宽,民,1
宽,蔽,1
宽,得,2
宽,废,1
宽,人,2
宽,归,1
宽,简,1
宽,仁,2
宽,过,1
宽,食,1
宽,礼,1
宽,富,1
加,君,1
加,服,2
加,身,1
加,异,1
加,正,1
加,知,1
加,言,1
加,命,1
加,民,1
加,教,1
加,朝,1
加,长,1
加,人,2
加,归,1
加,仁,1
加,过,1
加,食,1
加,君子,1
加,礼,1
加,富,1
加,邦,1
俭,君,1
俭,恭,1
俭,异,1
俭,知,1
俭,政,1
俭,泰,1
俭,得,2
俭,人,1
俭,归,1
俭,孙,1
俭,礼,3
俭,邦,2
游,惑,1
游,道,3
游,身,1
游,进,1
游,损,1
游,言,1
游,退,1
游,善,2
游,德,2
游,贤,1
游,得,1
游,朝,1
游,友,1
游,人,3
游,仁,1
游,过,1
游,节,1
游,君子,1
游,礼,1
士,君,1
士,色,1
士,哀,2
士,道,5
士,怀,1
士,身,1
士,弟,2
士,党,1
士,知,1
士,政,1
士,利,1
士,言,2
士,善,1
士,命,2
士,敬,1
士,民,1
士,贤,1
士,杀,1
士,兄,1
士,得,2
士,质,1
士,家,1
士,友,2
士,直,2
士,人,5
士,仁,4
士,过,1
士,思,1
士,食,1
士,富,1
士,邦,3
惑,道,2
惑,心,1
惑,爱,1
惑,身,1
惑,进,2
惑,异,1
惑,知,3
惑,言,1
惑,退,2
惑,善,1
惑,德,2
惑,命,1
惑,天命,1
惑,难,1
惑,兄,1
惑,得,1
惑,朝,2
惑,废,1
惑,人,3
惑,仁,2
惑,君子,1
惑,富,1
君,隐,1
君,色,2
君,识,1
君,乱,1
君,道,2
君,臣,5
君,服,1
君,身,2
君,弟,1
君,进,2
君,异,2
君,正,1
君,古,1
君,党,2
君,知,4
君,明,1
君,政,2
君,兴,2
君,言,5
君,退,2
君,善,2
君,命,3
君,敬,1
君,难,1
君,民,1
君,宰,1
君,贤,1
君,杀,1
君,得,3
君,朝,3
君,亡,1
君,废,1
君,友,2
君,仕,1
君,长,1
君,人,7
君,归,1
君,荡,1
君,止,2
君,过,1
君,诗,1
君,怨,1
君,节,1
君,食,4
君,君子,2
君,礼,4
君,邦,3
恭,色,2
恭,乱,1
恭,哀,1
恭,道,2
恭,惠,2
恭,弟,1
恭,内,1
恭,慎,2
恭,异,1
恭,正,1
恭,知,1
恭,明,1
恭,政,1
恭,兴,1
恭,敏,1
恭,言,4
恭,贵,1
恭,治,1
恭,命,1
恭,敬,4
恭,难,1
恭,民,2
恭,近,1
恭,贤,1
恭,兄,1
恭,得,4
恭,亡,1
恭,家,1
恭,友,1
恭,直,1
恭,人,5
恭,仁,3
恭,怨,1
恭,思,1
恭,君子,5
恭,礼,3
恭,富,1
恭,邦,2
隐,色,1
隐,乱,2
隐,道,3
隐,臣,1
隐,身,2
隐,异,2
隐,党,1
隐,知,1
隐,明,1
隐,言,2
隐,贵,1
隐,善,2
隐,民,1
隐,杀,1
隐,废,2
隐,仕,1
隐,直,1
隐,长,1
隐,人,2
隐,止,1
隐,节,1
隐,食,1
隐,君子,2
隐,富,1
隐,邦,1
色,乱,1
色,哀,1
色,道,1
色,服,2
色,身,1
色,弟,1
色,内,2
色,进,1
色,正,3
色,知,1
色,容,4
色,明,1
色,政,1
色,言,12
色,贵,1
色,退,1
色,善,1
色,位,1
色,德,2
色,命,2
色,敬,1
色,难,2
色,近,1
色,贤,2
色,辞,1
色,得,4
色,质,1
色,家,1
色,友,2
色,仕,1
色,直,1
色,人,4
色,仁,4
色,过,1
色,怨,1
色,思,1
色,食,2
色,君子,5
色,礼,1
色,邦,2
识,道,1
识,知,1
识,兴,1
识,善,1
识,贤,1
识,人,2
识,诗,1
识,怨,1
乱,道,3
乱,臣,2
乱,服,1
乱,神,1
乱,身,1
乱,弟,1
乱,慎,1
乱,正,1
乱,愚,1
乱,知,2
乱,明,1
乱,兴,1
乱,利,1
乱,言,3
乱,贵,1
乱,才,1
乱,治,1
乱,善,1
乱,德,2
乱,难,1
乱,狂,1
乱,民,1
乱,蔽,1
乱,杀,1
乱,得,1
乱,家,1
乱,废,1
乱,仕,1
乱,直,2
乱,长,1
乱,人,4
乱,荡,1
乱,仁,4
乱,止,1
乱,节,1
乱,食,2
乱,君子,4
乱,礼,1
乱,富,1
乱,邦,2
哀,道,3
哀,慎,1
哀,正,1
哀,知,1
哀,容,1
哀,言,2
哀,贵,1
哀,善,1
哀,命,1
哀,敬,2
哀,民,1
哀,近,1
哀,贤,1
哀,辞,1
哀,得,3
哀,家,1
哀,人,1
哀,止,1
哀,思,1
哀,君子,2
哀,礼,1
哀,邦,1
道,怀,1
道,臣,4
道,爱,2
道,伐,1
道,惠,1
道,身,2
道,弟,1
道,慎,2
道,进,1
道,异,1
道,正,2
道,古,1
道,室,1
道,罪,1
道,愚,1
道,知,6
道,损,1
道,容,1
道,明,1
道,政,3
道,敏,1
道,言,9
道,贵,4
道,退,1
道,治,1
道,善,7
道,德,5
道,命,2
道,敬,2
道,难,1
道,民,6
道,免,2
道,近,1
道,贤,3
道,辞,1
道,杀,2
道,兄,1
道,得,6
道,朝,2
道,亡,1
道,家,1
道,废,4
道,友,2
道,仕,2
道,直,3
道,长,1
道,人,19
道,美,1
道,仁,5
道,止,3
道,过,3
道,孙,1
道,节,4
道,食,5
道,君子,17
道,礼,4
道,富,2
道,邦,8
怀,爱,1
怀,伐,1
怀,惠,1
怀,知,1
怀,言,2
怀,善,1
怀,德,1
怀,免,1
怀,亡,1
怀,友,1
怀,仕,2
怀,直,1
怀,归,1
怀,仁,2
怀,食,1
怀,君子,3
怀,礼,1
怀,邦,2
臣,服,2
臣,心,1
臣,伐,2
臣,身,1
臣,内,1
臣,异,1
臣,罪,1
臣,知,2
臣,明,1
臣,政,4
臣,兴,2
臣,敏,1
臣,言,2
臣,才,1
臣,治,1
臣,善,3
臣,德,2
臣,命,2
臣,难,3
臣,民,1
臣,近,1
臣,蔽,1
臣,辞,1
臣,杀,1
臣,得,3
臣,家,1
臣,废,2
臣,仕,1
臣,长,1
臣,人,8
臣,归,1
臣,简,1
臣,仁,1
臣,止,3
臣,过,2
臣,孙,1
臣,怨,1
臣,节,1
臣,食,3
臣,君子,3
臣,礼,2
臣,富,1
臣,邦,2
服,伐,1
服,神,1
服,身,1
服,弟,1
服,内,2
服,鬼,1
服,异,1
服,正,2
服,室,1
服,知,1
服,容,1
服,言,3
服,才,1
服,治,1
服,德,2
服,命,1
服,敬,1
服,难,2
服,民,3
服,近,1
服,辞,1
服,杀,1
服,朝,3
服,家,1
服,直,1
服,长,2
服,人,5
服,美,1
服,归,1
服,止,1
服,过,1
服,孙,1
服,食,3
服,君子,3
服,礼,2
服,邦,3
心,罪,1
心,知,2
心,政,1
心,兴,1
心,敏,1
心,善,1
心,命,1
心,天命,1
心,难,2
心,民,1
心,蔽,1
心,贤,1
心,得,1
心,废,1
心,人,1
心,归,1
心,简,1
心,仁,2
心,过,2
心,食,2
心,富,1
爱,弟,1
爱,异,1
爱,知,1
爱,言,2
爱,退,1
爱,德,1
爱,敬,1
爱,民,1
爱,免,1
爱,直,1
爱,人,3
爱,仁,3
爱,节,1
爱,食,1
爱,君子,2
爱,礼,2
爱,富,2
伐,内,1
伐,进,1
伐,知,1
伐,政,1
伐,言,2
伐,善,1
伐,德,1
伐,命,1
伐,难,1
伐,近,1
伐,辞,1
伐,家,1
伐,友,1
伐,人,2
伐,仁,1
伐,止,1
伐,过,1
伐,孙,1
伐,怨,1
伐,君子,1
伐,礼,1
伐,邦,1
惠,正,1
惠,政,1
惠,利,1
惠,敏,1
惠,言,1
惠,德,1
惠,敬,1
惠,泰,1
惠,民,2
惠,教,1
惠,杀,1
惠,得,2
惠,人,3
惠,美,1
惠,仁,2
惠,怨,2
惠,食,1
惠,君子,3
神,鬼,3
神,室,1
神,知,2
神,敬,1
神,难,1
神,民,1
神,人,1
神,美,1
神,仁,1
神,食,1
身,异,1
身,正,2
身,知,1
身,明,1
身,政,1
身,言,4
身,善,2
身,德,1
身,民,1
身,贤,1
身,杀,3
身,得,1
身,朝,2
身,废,2
身,友,2
身,仕,1
身,长,2
身,人,6
身,仁,2
身,止,1
身,节,1
身,食,2
身,君子,3
弟,内,1
弟,正,1
弟,党,1
弟,知,1
弟,政,3
弟,言,2
弟,贵,1
弟,命,4
弟,敬,1
弟,难,1
弟,免,1
弟,兄,4
弟,亡,3
弟,友,2
弟,长,1
弟,人,5
弟,仁,3
弟,过,1
弟,诗,1
弟,孙,1
弟,食,1
弟,君子,2
弟,礼,1
弟,富,1
内,正,1
内,容,1
内,言,2
内,贵,1
内,德,1
内,命,1
内,敬,1
内,近,1
内,贤,1
内,辞,1
内,兄,1
内,亡,1
内,家,1
内,人,2
内,止,1
内,过,2
内,孙,1
内,思,1
内,君子,3
内,礼,1
内,富,1
内,邦,1
慎,正,1
慎,知,1
慎,兴,1
慎,敏,1
慎,言,3
慎,德,1
慎,民,2
慎,贤,1
慎,得,1
慎,家,1
慎,直,1
慎,归,1
慎,仁,1
慎,食,1
慎,君子,3
慎,礼,1
慎,邦,1
进,党,1
进,知,1
进,言,2
进,退,5
进,命,1
进,难,1
进,狂,1
进,兄,1
进,得,1
进,人,5
进,止,2
进,过,2
进,君子,3
进,礼,2
鬼,室,1
鬼,知,2
鬼,敬,1
鬼,难,1
鬼,民,1
鬼,人,1
鬼,美,1
鬼,仁,1
鬼,食,1
异,党,1
异,知,1
异,容,1
异,政,1
异,言,3
异,退,1
异,善,1
异,德,1
异,民,2
异,贤,1
异,得,2
异,废,1
异,直,1
异,长,1
异,人,4
异,归,1
异,止,1
异,过,1
异,诗,1
异,君子,3
异,礼,2
异,富,1
异,邦,3
正,知,1
正,容,2
正,政,4
正,兴,1
正,利,1
正,敏,1
正,言,5
正,贵,1
正,治,1
正,善,1
正,命,1
正,泰,1
正,民,2
正,近,1
正,教,1
正,辞,1
正,杀,1
正,得,3
正,朝,1
正,人,5
正,美,1
正,仁,2
正,怨,1
正,食,3
正,君子,4
正,礼,1
古,愚,1
古,知,1
古,政,1
古,敏,1
古,言,2
古,狂,1
古,民,2
古,宰,1
古,贤,1
古,得,2
古,亡,1
古,直,1
古,人,3
古,荡,1
古,仁,1
古,怨,1
古,食,1
室,知,1
室,政,1
室,言,1
室,治,1
室,善,2
室,敬,1
室,宰,2
室,贤,1
室,得,2
室,朝,2
室,家,2
室,人,3
室,美,3
室,仁,1
室,孙,1
室,思,1
室,食,1
室,富,2
罪,政,1
罪,兴,1
罪,敏,1
罪,善,1
罪,命,1
罪,民,1
罪,免,1
罪,蔽,1
罪,兄,1
罪,得,1
罪,废,2
罪,人,1
罪,归,1
罪,简,1
罪,仁,1
罪,过,1
罪,食,1
罪,富,1
罪,邦,1
愚,知,3
愚,言,2
愚,退,1
愚,狂,2
愚,民,1
愚,蔽,1
愚,亡,1
愚,直,2
愚,荡,2
愚,仁,1
愚,邦,1
党,知,3
党,政,1
党,言,2
党,退,1
党,命,1
党,狂,1
党,宰,1
党,教,1
党,辞,1
党,直,1
党,人,3
党,归,1
党,简,1
党,仁,1
党,过,2
党,君子,3
党,礼,1
党,富,1
知,损,1
知,明,1
知,政,3
知,兴,2
知,利,2
知,敏,1
知,言,13
知,贵,1
知,退,2
知,才,1
知,治,1
知,善,3
知,位,2
知,德,1
知,命,2
知,敬,2
知,天命,2
知,难,4
知,狂,3
知,民,7
知,免,1
知,蔽,1
知,宰,3
知,贤,4
知,杀,2
知,得,6
知,朝,1
知,亡,2
知,家,2
知,废,1
知,仕,3
知,直,4
知,长,3
知,人,24
知,美,2
知,归,4
知,简,1
知,荡,1
知,仁,16
知,止,1
知,过,5
知,诗,2
知,孙,1
知,怨,2
知,思,1
知,节,3
知,食,2
知,君子,13
知,礼,12
知,富,2
知,邦,7
损,善,2
损,贤,1
损,友,2
损,直,1
损,人,1
损,节,1
损,礼,2
容,言,3
容,贵,1
容,善,2
容,位,1
容,近,1
容,贤,1
容,辞,1
容,人,2
容,过,1
容,君子,2
容,礼,1
明,兴,1
明,言,1
明,敬,1
明,难,1
明,杀,1
明,得,1
明,废,1
明,仕,1
明,长,1
明,人,1
明,止,1
明,思,1
明,节,1
明,食,2
明,君子,3
政,兴,2
政,利,2
政,敏,1
政,言,4
政,退,1
政,才,1
政,善,3
政,位,2
政,德,5
政,命,3
政,泰,1
政,难,1
政,民,6
政,免,1
政,近,1
政,蔽,1
政,宰,2
政,教,2
政,贤,1
政,杀,2
政,兄,2
政,得,7
政,朝,1
政,废,1
政,友,1
政,仕,1
政,人,7
政,美,1
政,归,1
政,简,1
政,仁,3
政,过,3
政,诗,1
政,孙,1
政,怨,1
政,食,3
政,君子,3
政,礼,3
政,富,1
政,邦,2
兴,敏,1
兴,言,2
兴,善,2
兴,命,1
兴,难,1
兴,民,3
兴,蔽,1
兴,得,1
兴,废,1
兴,直,1
兴,人,2
兴,归,1
兴,简,1
兴,仁,2
兴,过,1
兴,诗,2
兴,怨,1
兴,食,1
兴,君子,3
兴,礼,3
兴,富,1
兴,邦,1
利,言,2
利,善,1
利,命,2
利,泰,1
利,民,1
利,宰,1
利,教,1
利,贤,1
利,杀,1
利,得,1
利,家,1
利,友,1
利,长,1
利,人,2
利,美,1
利,仁,4
利,怨,2
利,思,1
利,君子,2
利,礼,1
利,邦,2
敏,言,3
敏,善,1
敏,命,1
敏,民,2
敏,蔽,1
敏,得,2
敏,家,1
敏,废,1
敏,人,4
敏,归,2
敏,简,1
敏,仁,4
敏,过,1
敏,怨,1
敏,食,2
敏,君子,2
敏,礼,1
敏,富,1
敏,邦,1
言,贵,2
言,退,5
言,才,1
言,治,2
言,善,6
言,位,1
言,德,6
言,命,4
言,敬,3
言,天命,1
言,难,6
言,狂,1
言,民,4
言,近,3
言,蔽,2
言,宰,2
言,贤,3
言,辞,2
言,杀,1
言,得,7
言,朝,3
言,亡,1
言,质,1
言,家,4
言,废,2
言,友,3
言,仕,1
言,直,3
言,长,2
言,人,26
言,美,1
言,归,3
言,简,1
言,荡,1
言,仁,11
言,止,1
言,过,7
言,诗,5
言,孙,2
言,怨,2
言,思,3
言,食,4
言,君子,19
言,礼,11
言,富,2
言,邦,9
贵,善,2
贵,命,1
贵,敬,1
贵,近,1
贵,辞,1
贵,兄,1
贵,得,1
贵,亡,1
贵,人,3
贵,美,1
贵,仁,1
贵,节,1
贵,食,2
贵,君子,3
贵,礼,2
贵,富,4
贵,邦,1
退,命,1
退,难,1
退,兄,1
退,得,1
退,朝,2
退,直,1
退,人,6
退,仁,1
退,过,3
退,诗,1
退,君子,3
退,礼,2
退,富,1
才,治,1
才,善,1
才,德,1
才,难,1
才,宰,1
才,贤,1
才,人,3
才,美,1
才,过,1
才,礼,1
治,德,1
治,难,1
治,宰,1
治,朝,1
治,家,1
治,人,1
治,仁,1
善,德,5
善,命,1
善,敬,3
善,泰,1
善,难,2
善,民,5
善,近,1
善,蔽,1
善,宰,1
善,教,2
善,贤,3
善,辞,2
善,杀,2
善,得,6
善,朝,1
善,亡,1
善,废,1
善,友,5
善,直,1
善,人,18
善,美,3
善,归,2
善,简,1
善,荡,1
善,仁,3
善,止,1
善,过,1
善,节,1
善,食,3
善,君子,7
善,礼,3
善,富,3
善,邦,4
位,命,1
位,贤,1
位,过,1
位,思,1
位,君子,1
德,难,1
德,民,6
德,免,1
德,近,1
德,辞,1
德,杀,1
德,得,4
德,朝,1
德,亡,1
德,家,1
德,直,1
德,人,5
德,归,1
德,荡,1
德,仁,2
德,止,1
德,过,2
德,孙,1
德,怨,1
德,君子,4
德,礼,1
德,富,1
德,邦,1
命,敬,2
命,民,1
命,蔽,1
命,辞,1
命,兄,1
命,得,2
命,朝,2
命,亡,4
命,废,2
命,人,9
命,归,1
命,简,1
命,仁,2
命,过,2
命,思,2
命,节,1
命,食,2
命,君子,3
命,礼,4
命,富,2
敬,难,2
敬,民,7
敬,教,1
敬,兄,1
敬,得,3
敬,亡,1
敬,人,6
敬,简,1
敬,仁,3
敬,怨,1
敬,思,2
敬,节,1
敬,食,1
敬,君子,4
敬,礼,4
敬,富,1
敬,邦,1
天命,人,1
天命,君子,1
泰,难,1
泰,民,1
泰,教,1
泰,杀,1
泰,得,2
泰,亡,1
泰,人,2
泰,美,1
泰,仁,1
泰,怨,1
泰,君子,3
泰,礼,1
难,民,1
难,免,1
难,近,1
难,贤,1
难,得,3
难,亡,1
难,友,1
难,人,5
难,美,1
难,仁,5
难,过,1
难,孙,1
难,怨,3
难,思,1
难,食,2
难,君子,3
难,富,1
难,邦,1
狂,民,1
狂,蔽,1
狂,得,1
狂,亡,1
狂,直,3
狂,归,1
狂,简,1
狂,荡,2
狂,仁,1
民,免,1
民,近,1
民,蔽,1
民,宰,1
民,教,4
民,杀,3
民,得,6
民,亡,1
民,家,1
民,废,2
民,直,4
民,长,1
民,人,10
民,美,1
民,归,3
民,简,2
民,荡,2
民,仁,9
民,过,1
民,怨,2
民,节,1
民,食,2
民,君子,7
民,礼,7
民,富,1
民,邦,2
免,兄,1
免,废,1
免,直,1
免,人,1
免,美,1
免,仁,1
免,诗,1
免,食,1
免,君子,1
免,礼,2
免,邦,1
近,辞,2
近,家,1
近,人,4
近,仁,3
近,止,1
近,过,1
近,孙,2
近,怨,1
近,思,1
近,君子,2
近,礼,1
近,邦,1
蔽,得,1
蔽,废,1
蔽,直,1
蔽,人,1
蔽,归,1
蔽,简,1
蔽,荡,1
蔽,仁,2
蔽,过,1
蔽,诗,1
蔽,思,1
蔽,食,1
蔽,富,1
宰,教,1
宰,贤,1
宰,辞,2
宰,得,1
宰,朝,1
宰,家,1
宰,人,4
宰,仁,1
宰,过,1
宰,君子,2
宰,富,1
教,辞,1
教,杀,1
教,得,1
教,人,2
教,美,1
教,仁,1
教,怨,1
教,君子,2
教,富,2
贤,得,4
贤,朝,1
贤,家,2
贤,友,3
贤,人,8
贤,美,1
贤,仁,2
贤,过,2
贤,怨,1
贤,思,1
贤,节,1
贤,食,2
贤,君子,2
贤,礼,1
贤,富,1
贤,邦,2
辞,家,1
辞,人,2
辞,止,1
辞,过,1
辞,孙,1
辞,君子,3
辞,富,1
辞,邦,1
杀,得,1
杀,朝,1
杀,废,1
杀,仕,1
杀,长,2
杀,人,4
杀,美,1
杀,仁,4
杀,止,1
杀,怨,1
杀,节,1
杀,食,1
杀,君子,4
杀,邦,1
兄,亡,1
兄,废,1
兄,友,2
兄,人,2
兄,君子,1
兄,礼,1
兄,富,1
兄,邦,1
得,朝,2
得,亡,1
得,家,2
得,废,1
得,仕,1
得,人,15
得,美,3
得,归,2
得,简,1
得,荡,1
得,仁,9
得,过,3
得,诗,1
得,怨,2
得,思,2
得,食,5
得,君子,10
得,礼,3
得,富,3
得,邦,4
朝,家,2
朝,废,1
朝,长,1
朝,人,4
朝,美,1
朝,归,1
朝,仁,1
朝,食,1
朝,君子,1
朝,富,1
亡,仕,1
亡,直,1
亡,人,4
亡,归,1
亡,荡,1
亡,仁,1
亡,过,1
亡,君子,2
亡,礼,1
亡,富,1
亡,邦,1
质,家,1
质,直,1
质,人,1
质,仁,1
质,孙,1
质,君子,3
质,礼,1
质,邦,1
家,直,1
家,人,3
家,美,1
家,仁,3
家,止,1
家,过,1
家,孙,1
家,怨,1
家,君子,2
家,富,1
家,邦,5
废,仕,1
废,长,1
废,人,3
废,归,1
废,简,1
废,仁,1
废,止,1
废,过,1
废,节,1
废,食,2
废,君子,2
废,富,1
废,邦,1
友,直,1
友,人,3
友,归,1
友,仁,3
友,止,1
友,过,2
友,怨,1
友,节,1
友,君子,2
友,礼,1
友,邦,1
仕,直,1
仕,长,1
仕,人,1
仕,归,1
仕,仁,2
仕,止,1
仕,节,1
仕,食,1
仕,君子,2
仕,邦,3
直,人,6
直,荡,2
直,仁,4
直,孙,1
直,怨,1
直,君子,3
直,礼,2
直,富,1
直,邦,3
长,人,3
长,归,1
长,荡,1
长,仁,1
长,止,1
长,孙,1
长,节,1
长,食,1
长,君子,4
长,礼,1
长,邦,1
人,美,2
人,归,4
人,简,1
人,荡,1
人,仁,19
人,止,2
人,过,10
人,孙,2
人,怨,8
人,思,1
人,节,4
人,食,7
人,君子,30
人,礼,14
人,富,4
人,邦,11
美,仁,2
美,诗,1
美,怨,1
美,节,1
美,食,1
美,君子,2
美,礼,2
美,富,2
归,简,2
归,仁,3
归,过,1
归,食,1
归,君子,2
归,礼,3
归,富,1
归,邦,3
简,仁,1
简,过,1
简,食,1
简,富,1
荡,仁,1
荡,君子,2
仁,过,2
仁,怨,4
仁,思,1
仁,食,3
仁,君子,9
仁,礼,5
仁,富,3
仁,邦,5
止,过,1
止,孙,1
止,节,1
止,食,1
止,君子,2
止,邦,1
过,诗,1
过,孙,1
过,食,2
过,君子,7
过,礼,2
过,富,1
过,邦,1
诗,怨,1
诗,思,1
诗,君子,1
诗,礼,5
诗,富,1
孙,怨,1
孙,君子,3
孙,礼,2
孙,邦,2
怨,食,1
怨,君子,2
怨,富,1
怨,邦,1
思,食,1
思,君子,2
思,礼,1
节,食,1
节,君子,2
节,礼,2
食,君子,7
食,礼,1
食,富,3
君子,礼,12
君子,富,3
君子,邦,4
礼,富,2
礼,邦,2
富,邦,1
